Left_Out_CWE,N_Test,Acc,F1,AUC
CWE-119,2536,0.874211356466877,0.8800300864986838,0.945699902476888
CWE-125,836,0.8720095693779905,0.8751458576429405,0.9419885075891119
CWE-190,468,0.9123931623931624,0.9151138716356108,0.9567353349404631
CWE-416,466,0.924892703862661,0.9234135667396062,0.9809998342205604
CWE-476,332,0.891566265060241,0.8853503184713376,0.9645630715633619
CWE-787,312,0.8814102564102564,0.8875379939209727,0.9534640039447733
