CWE,N,Acc,Precision,Recall,F1,AUC
CWE-119,556,0.8812949640287769,0.8486842105263158,0.9280575539568345,0.8865979381443299,0.9457973189793489
CWE-125,168,0.8928571428571429,0.8928571428571429,0.8928571428571429,0.8928571428571429,0.9501842403628118
CWE-190,102,0.8921568627450981,0.8846153846153846,0.9019607843137255,0.8932038834951457,0.9796232218377547
CWE-416,112,0.9375,0.9298245614035088,0.9464285714285714,0.9380530973451328,0.9846938775510204
CWE-476,76,0.9078947368421053,0.918918918918919,0.8947368421052632,0.9066666666666666,0.9695290858725762
CWE-787,88,0.8977272727272727,0.8571428571428571,0.9545454545454546,0.9032258064516129,0.9307851239669422
ALL,1102,0.8929219600725953,0.8713550600343053,0.9219600725952813,0.8959435626102292,0.9531144495571491
